{"cameraMode":{"drawMode":0,"name":"Shaded","section":"Shading Mode"},"sceneLighting":true,"audioPlay":false,"sceneViewState":{"showFog":true,"showMaterialUpdate":false,"showSkybox":true,"showFlares":true,"showImageEffects":true,"showParticleSystems":true},"in2DMode":false,"pivot":{"x":3.701702356338501,"y":-1.066359043121338,"z":13.537405014038086},"rotation":{"x":-0.024101393297314645,"y":0.6508550047874451,"z":-0.020757857710123063,"w":-0.7586053609848023},"size":1.4712238311767579,"orthographic":false}